Hour,Percentage
0-4,5.975103734439834
4-8,5.8921161825726145
8-12,29.62655601659751
12-16,22.157676348547717
16-20,22.738589211618258
20-24,13.609958506224066
