Hour,Percentage
0-4,21.54471544715447
4-8,14.227642276422765
8-12,7.723577235772358
12-16,6.097560975609756
16-20,28.45528455284553
20-24,21.951219512195124
