Hour,Percentage
0-4,7.540983606557377
4-8,6.557377049180328
8-12,16.065573770491802
12-16,25.57377049180328
16-20,18.360655737704917
20-24,25.901639344262296
