Hour,Percentage
0-4,9.32625290408231
4-8,4.663126452041155
8-12,20.610687022900763
12-16,22.88416860272154
16-20,21.988051775638898
20-24,20.527713242615334
