Hour,Percentage
0-4,19.883040935672515
4-8,10.526315789473685
8-12,4.093567251461988
12-16,7.017543859649122
16-20,31.57894736842105
20-24,26.900584795321638
