Hour,Percentage
0-4,11.637080867850099
4-8,6.11439842209073
8-12,19.723865877712033
12-16,19.723865877712033
16-20,19.921104536489153
20-24,22.879684418145956
