Hour,Percentage
0-4,9.767441860465116
4-8,2.558139534883721
8-12,19.53488372093023
12-16,30.46511627906977
16-20,22.558139534883722
20-24,15.116279069767442
