Hour,Percentage
0-4,8.964623078347842
4-8,6.056677162437488
8-12,18.892387479162807
12-16,22.170772365252823
16-20,22.541211335432486
20-24,21.374328579366548
