Hour,Percentage
0-4,11.649659863945578
4-8,5.5272108843537415
8-12,15.136054421768707
12-16,15.136054421768707
16-20,25.68027210884354
20-24,26.87074829931973
