Hour,Percentage
0-4,33.80952380952381
4-8,18.571428571428573
8-12,6.666666666666667
12-16,3.3333333333333335
16-20,16.666666666666668
20-24,20.952380952380953
