Hour,Percentage
0-4,7.014542343883662
4-8,3.165098374679213
8-12,20.701454234388365
12-16,27.117194183062445
16-20,24.379811804961506
20-24,17.62189905902481
